record_type,sample_id,doi,report_family,plot_family,PC1,PC2,point_size,feature,component,value
pca_score,HUA19_YAGG_X000,10.1007/s40145-019-0321-9,YAG,YAG,1.1781667674361145,-2.488043960009563,26.521980673998822,,,
pca_score,HUA19_YAGG_X100,10.1007/s40145-019-0321-9,YAGG,YAGG,0.33931314343522073,-0.36844218477878166,26.521980673998822,,,
pca_score,HUA19_YAGG_X200,10.1007/s40145-019-0321-9,YAGG,YAGG,-0.08749042724904257,1.3980044173414834,26.521980673998822,,,
pca_score,HUA19_YAGG_X300,10.1007/s40145-019-0321-9,YAGG,YAGG,-0.4579906886064182,3.06870804347671,26.521980673998822,,,
pca_score,HUA19_YAGG_X400,10.1007/s40145-019-0321-9,YAGG,YAGG,-0.7581993850687999,4.626679014335423,26.521980673998822,,,
pca_score,HUA23_LUYAG_X020,10.37188/CJL.20220435,"(Lu,Y)AG",Other garnets,1.7880667850194465,-1.6023161298967596,26.521980673998822,,,
pca_score,HUA23_LUYAG_X040,10.37188/CJL.20220435,"(Lu,Y)AG",Other garnets,2.058097088023249,-0.7638540852149767,26.521980673998822,,,
pca_score,HUA23_LUYAG_X060,10.37188/CJL.20220435,"(Lu,Y)AG",Other garnets,2.3013246562888563,0.0349453745733361,26.521980673998822,,,
pca_score,HUA23_LUYAG_X080,10.37188/CJL.20220435,"(Lu,Y)AG",Other garnets,2.51783051857162,0.7945732660193061,26.521980673998822,,,
pca_score,HUA23_LUYAG_X0999,10.37188/CJL.20220435,LuAG,LuAG,2.681516470032252,1.4322396532886044,26.521980673998822,,,
pca_score,ZHO22_LUAG_BASE,10.37188/CJL.20220248,LuAG,LuAG,2.3221533138493675,1.557851877790157,22.44231764817738,,,
pca_score,ZHO22_GA_X050,10.37188/CJL.20220248,LuAG solid solution,LuAG solid solution,1.769786700947931,2.503719347699442,22.44231764817738,,,
pca_score,ZHO22_GA_X075,10.37188/CJL.20220248,LuAG solid solution,LuAG solid solution,1.5848613190053153,2.964528824242686,22.44231764817738,,,
pca_score,ZHO22_GA_X100,10.37188/CJL.20220248,LuAG solid solution,LuAG solid solution,1.4224142393484909,3.40599089671668,22.44231764817738,,,
pca_score,ZHO22_GA_X125,10.37188/CJL.20220248,LuAG solid solution,LuAG solid solution,1.2759714157191564,3.8333904883180905,22.44231764817738,,,
pca_score,ZHO22_GA_X150,10.37188/CJL.20220248,LuAG solid solution,LuAG solid solution,1.1422104958152075,4.24947928299933,22.44231764817738,,,
pca_score,ZHO22_GA_X200,10.37188/CJL.20220248,LuAG solid solution,LuAG solid solution,0.9057888087261491,5.053545211106133,22.44231764817738,,,
pca_score,ZHO22_SC_X050,10.37188/CJL.20220248,LuAG solid solution,LuAG solid solution,0.7260090132381,2.289547130002078,22.44231764817738,,,
pca_score,ZHO22_SC_X075,10.37188/CJL.20220248,LuAG solid solution,LuAG solid solution,0.14874807177244426,2.483391847153741,22.44231764817738,,,
pca_score,ZHO22_SC_X100,10.37188/CJL.20220248,LuAG solid solution,LuAG solid solution,-0.3906056741748441,2.6443871246068276,22.44231764817738,,,
pca_score,ZHO22_SC_X125,10.37188/CJL.20220248,LuAG solid solution,LuAG solid solution,-0.9016030133328207,2.779663113959641,22.44231764817738,,,
pca_score,HU16_CE005_T040,10.1016/j.ceramint.2016.01.079,YAG,YAG,1.498161685170087,-2.5979452711641016,22.85437744847146,,,
pca_score,HU16_CE010_T040,10.1016/j.ceramint.2016.01.079,YAG,YAG,1.4642461652135332,-2.5789212283494187,22.85437744847146,,,
pca_score,HU16_CE020_T040,10.1016/j.ceramint.2016.01.079,YAG,YAG,1.3941435454463713,-2.5503909919318604,22.85437744847146,,,
pca_score,HU16_CE050_T040,10.1016/j.ceramint.2016.01.079,YAG,YAG,1.178166767436103,-2.4880439600095623,22.85437744847146,,,
pca_score,HU16_CE070_T040,10.1016/j.ceramint.2016.01.079,YAG,YAG,1.032280476578224,-2.454082067654715,22.85437744847146,,,
pca_score,HU16_CE100_T040,10.1016/j.ceramint.2016.01.079,YAG,YAG,0.8120707203599349,-2.4085103233615075,22.85437744847146,,,
pca_score,HU16_CE010_T025,10.1016/j.ceramint.2016.01.079,YAG,YAG,1.4642461652135332,-2.5789212283494187,22.85437744847146,,,
pca_score,HU16_CE010_T050,10.1016/j.ceramint.2016.01.079,YAG,YAG,1.4642461652135328,-2.5789212283494187,22.85437744847146,,,
pca_score,HU16_CE010_T070,10.1016/j.ceramint.2016.01.079,YAG,YAG,1.4642461652135328,-2.5789212283494187,22.85437744847146,,,
pca_score,HU16_CE010_T100,10.1016/j.ceramint.2016.01.079,YAG,YAG,1.4642461652135332,-2.5789212283494187,22.85437744847146,,,
pca_score,SHA19_GD00,10.1016/j.ceramint.2019.04.162,YAG,YAG,1.498161685170087,-2.5979452711641016,25.430952132988168,,,
pca_score,SHA19_GD06,10.1016/j.ceramint.2019.04.162,"(Y,Gd)AG","(Y,Gd)AG",1.5011978804336439,-2.451192559980027,25.430952132988168,,,
pca_score,SHA19_GD12,10.1016/j.ceramint.2019.04.162,"(Y,Gd)AG","(Y,Gd)AG",1.471599931903367,-2.328619830747503,25.430952132988168,,,
pca_score,SHA19_GD18,10.1016/j.ceramint.2019.04.162,"(Y,Gd)AG","(Y,Gd)AG",1.4322096374192301,-2.211871440275987,25.430952132988168,,,
pca_score,SHA19_GD24,10.1016/j.ceramint.2019.04.162,"(Y,Gd)AG","(Y,Gd)AG",1.38667318027354,-2.097994330211281,25.430952132988168,,,
pca_score,SHA19_GD30,10.1016/j.ceramint.2019.04.162,"(Y,Gd)AG","(Y,Gd)AG",1.3364891247353774,-1.9858889303304177,25.430952132988168,,,
pca_score,LI21_CE020_A000,10.1016/j.jeurceramsoc.2021.03.022,YAG,YAG,1.3941435454463715,-2.5503909919318604,22.44231764817738,,,
pca_score,LI21_CE040_A000,10.1016/j.jeurceramsoc.2021.03.022,YAG,YAG,1.2506764927818783,-2.5067398471478057,22.44231764817738,,,
pca_score,LI21_CE060_A000,10.1016/j.jeurceramsoc.2021.03.022,YAG,YAG,1.1053434326098766,-2.4705922325766942,22.44231764817738,,,
pca_score,LI21_CE080_A000,10.1016/j.jeurceramsoc.2021.03.022,YAG,YAG,0.9590263483360444,-2.4383165613419497,22.44231764817738,,,
pca_score,LI21_CE100_A000,10.1016/j.jeurceramsoc.2021.03.022,YAG,YAG,0.8120707203599347,-2.4085103233615075,22.44231764817738,,,
pca_score,LI21_CE100_A900,10.1016/j.jeurceramsoc.2021.03.022,YAG,YAG,0.8120707203599347,-2.4085103233615075,22.44231764817738,,,
pca_score,LI21_CE100_A1000,10.1016/j.jeurceramsoc.2021.03.022,YAG,YAG,0.8120707203599347,-2.4085103233615075,22.44231764817738,,,
pca_score,LI21_CE100_A1100,10.1016/j.jeurceramsoc.2021.03.022,YAG,YAG,0.8120707203599347,-2.4085103233615075,22.44231764817738,,,
pca_score,LI21_CE100_A1200,10.1016/j.jeurceramsoc.2021.03.022,YAG,YAG,0.8120707203599347,-2.4085103233615075,22.44231764817738,,,
pca_score,LI21_CE100_A1300,10.1016/j.jeurceramsoc.2021.03.022,YAG,YAG,0.8120707203599347,-2.4085103233615075,22.44231764817738,,,
pca_score,LI21_CE100_A1400,10.1016/j.jeurceramsoc.2021.03.022,YAG,YAG,0.8120707203599347,-2.4085103233615075,22.44231764817738,,,
pca_score,MOR16_YAGG,10.2109/jcersj2.15239,YAGG,YAGG,-0.8248025004521047,2.5691559673236646,30.165807537309522,,,
pca_score,MOR16_GAGG,10.2109/jcersj2.15239,GAGG,GAGG,-1.8919715782101643,4.319659754958906,30.165807537309522,,,
pca_score,MOR16_LUAGG,10.2109/jcersj2.15239,LuAGG,Other garnets,0.3912312559135171,6.599442729736868,30.165807537309522,,,
pca_score,SIN17_X0015,10.1016/j.ceramint.2017.04.047,YAG,YAG,1.5242402571168023,-2.7568626062748494,28.0,,,
pca_score,SIN17_X0030,10.1016/j.ceramint.2017.04.047,YAG,YAG,1.4175589863446445,-2.7203731747573046,28.0,,,
pca_score,SIN17_X0050,10.1016/j.ceramint.2017.04.047,YAG,YAG,1.2729770070976612,-2.6812270990652944,28.0,,,
pca_score,SIN17_X0100,10.1016/j.ceramint.2017.04.047,YAG,YAG,0.9068809600214939,-2.601693462417239,28.0,,,
pca_score,WAE14_YAG_CE001_T05,10.1557/jmr.2014.229,YAG,YAG,1.4642461652135328,-2.5789212283494187,30.165807537309522,,,
pca_score,WAE14_YAG_CE005_T05,10.1557/jmr.2014.229,YAG,YAG,1.178166767436103,-2.4880439600095623,30.165807537309522,,,
pca_score,WAE14_YAG_CE010_T05,10.1557/jmr.2014.229,YAG,YAG,0.8120707203599347,-2.4085103233615075,30.165807537309522,,,
pca_score,NIS11_T02,10.1016/j.optmat.2010.06.005,Y3Al5O12,Other garnets,1.4642461652135328,-2.5789212283494187,42.0,,,
pca_score,CHE17_GA01,10.1016/j.jeurceramsoc.2017.05.024,GAGG,GAGG,-0.4397629673366293,0.2230398811156654,26.521980673998822,,,
pca_score,CHE17_GA03,10.1016/j.jeurceramsoc.2017.05.024,GAGG,GAGG,-1.0673391724693497,1.9687998164155533,26.521980673998822,,,
pca_score,CHE17_GA04,10.1016/j.jeurceramsoc.2017.05.024,GAGG,GAGG,-1.3037608595584094,2.7728657445223575,26.521980673998822,,,
pca_score,CHE17_GA05,10.1016/j.jeurceramsoc.2017.05.024,GAGG,GAGG,-1.5043557071010458,3.5442186834426685,26.521980673998822,,,
pca_score,CHE17_GA07,10.1016/j.jeurceramsoc.2017.05.024,GAGG,GAGG,-1.8022678597992141,4.9923582071148305,26.521980673998822,,,
pca_score,HU15_GD00,10.1364/OME.5.002902,YAG,YAG,1.3941435454463715,-2.5503909919318604,23.899494936611667,,,
pca_score,HU15_GD10,10.1364/OME.5.002902,"(Y,Gd)AG","(Y,Gd)AG",1.3705004450803555,-2.3451400124775668,23.899494936611667,,,
pca_score,HU15_GD30,10.1364/OME.5.002902,"(Y,Gd)AG","(Y,Gd)AG",1.2233417372319304,-1.9682187413861978,23.899494936611667,,,
pca_score,HU15_GD40,10.1364/OME.5.002902,"(Y,Gd)AG","(Y,Gd)AG",1.1310993946284258,-1.7850799348929336,23.899494936611667,,,
pca_score,HU15_GD50,10.1364/OME.5.002902,"(Y,Gd)AG","(Y,Gd)AG",1.0297244447506808,-1.6039726605492752,23.899494936611667,,,
pca_score,HU15_GD60,10.1364/OME.5.002902,"(Y,Gd)AG","(Y,Gd)AG",0.9196615800781094,-1.4247419784758042,23.899494936611667,,,
pca_score,HU15_GD70,10.1364/OME.5.002902,"(Y,Gd)AG","(Y,Gd)AG",0.8004082994365791,-1.2476985238478073,23.899494936611667,,,
pca_score,HU15_GD80,10.1364/OME.5.002902,"(Y,Gd)AG","(Y,Gd)AG",0.6701445387737306,-1.0738790876785855,23.899494936611667,,,
pca_score,UED11_YSGG_AS,10.1143/APEX.4.042602,YSGG,Other garnets,-3.829209018382707,3.7036617884589083,33.798989873223334,,,
pca_score,UED11_YSGG_O2,10.1143/APEX.4.042602,YSGG,Other garnets,-3.829209018382707,3.7036617884589083,33.798989873223334,,,
pca_score,YANG26_LUAGG_GA050,10.1016/j.ceramint.2026.03.410,LuAGG,Other garnets,1.8429272739396254,2.484739619620645,26.521980673998822,,,
pca_score,YANG26_LUAGG_GA075,10.1016/j.ceramint.2026.03.410,LuAGG,Other garnets,1.6580018919970116,2.945549096163893,26.521980673998822,,,
pca_score,YANG26_LUAGG_GA100,10.1016/j.ceramint.2026.03.410,LuAGG,Other garnets,1.495554812340186,3.3870111686378865,26.521980673998822,,,
pca_score,YANG26_LUAGG_GA150,10.1016/j.ceramint.2026.03.410,LuAGG,Other garnets,1.2153510688069047,4.230499554920534,26.521980673998822,,,
pca_score,YANG26_LUAGG_GA200,10.1016/j.ceramint.2026.03.410,LuAGG,Other garnets,0.9789293817178456,5.034565483027339,26.521980673998822,,,
pca_score,WANG24_LUAG_CE005,10.1016/j.optmat.2023.114697,LuAG,LuAG,2.7150436202922004,1.4077661512752084,22.44231764817738,,,
pca_score,WANG24_LUAG_CE010,10.1016/j.optmat.2023.114697,LuAG,LuAG,2.681516470032253,1.4322396532886046,22.44231764817738,,,
pca_score,WANG24_LUAG_CE020,10.1016/j.optmat.2023.114697,LuAG,LuAG,2.6116872426721915,1.4673571810780814,22.44231764817738,,,
pca_score,WANG24_LUAG_CE030,10.1016/j.optmat.2023.114697,LuAG,LuAG,2.540282744486229,1.4947204883952814,22.44231764817738,,,
pca_score,WANG24_LUAG_CE035,10.1016/j.optmat.2023.114697,LuAG,LuAG,2.5042481481448404,1.506783818676113,22.44231764817738,,,
pca_score,WANG24_LUAG_CE040,10.1016/j.optmat.2023.114697,LuAG,LuAG,2.4680540207887085,1.518075805628725,22.44231764817738,,,
pca_score,WANG24_LUAG_CE045,10.1016/j.optmat.2023.114697,LuAG,LuAG,2.4317289726327687,1.5287376610916605,22.44231764817738,,,
pca_score,WANG24_LUAG_CE050,10.1016/j.optmat.2023.114697,LuAG,LuAG,2.395293886841062,1.53887214971136,22.44231764817738,,,
pca_score,WANG24_LUAG_CE055,10.1016/j.optmat.2023.114697,LuAG,LuAG,2.358764565777818,1.5485568155668405,22.44231764817738,,,
pca_score,WANG24_LUAG_CE060,10.1016/j.optmat.2023.114697,LuAG,LuAG,2.3221533138493675,1.5578518777901564,22.44231764817738,,,
pca_score,WANG24_LUAG_CE070,10.1016/j.optmat.2023.114697,LuAG,LuAG,2.2487224023729073,1.5754556035018912,22.44231764817738,,,
pca_score,DU18_YAMSG_X00,10.1039/C8TC03866J,YAMSG,Other garnets,1.178166767436103,-2.4880439600095623,33.798989873223334,,,
pca_score,DU18_YAMSG_X05,10.1039/C8TC03866J,YAMSG,Other garnets,-0.8772986848305385,-1.8736775675114528,33.798989873223334,,,
pca_score,MA20_SCLU15Y15,10.1039/D0TC04231E,LuYSAG,Other garnets,-1.8287805449032801,0.9987317563580521,28.0,,,
pca_score,MA20_SCLU10Y20,10.1039/D0TC04231E,LuYSAG,Other garnets,-2.033405144104371,0.34215258654630426,28.0,,,
pca_score,MA20_SCLU05Y25,10.1039/D0TC04231E,LuYSAG,Other garnets,-2.272049443367884,-0.38898088606069403,28.0,,,
pca_score,MA20_SCLU00Y30,10.1039/D0TC04231E,LuYSAG,Other garnets,-2.5324780776270686,-1.1540948960226949,28.0,,,
pca_score,LIU19_GDYAG_GD00,10.1016/j.optmat.2018.11.031,"(Y,Gd)AG","(Y,Gd)AG",1.4642461652135328,-2.5789212283494187,28.0,,,
pca_score,LIU19_GDYAG_GD10,10.1016/j.optmat.2018.11.031,"(Y,Gd)AG","(Y,Gd)AG",1.4454488859290102,-2.36077323976213,28.0,,,
pca_score,LIU19_GDYAG_GD20,10.1016/j.optmat.2018.11.031,"(Y,Gd)AG","(Y,Gd)AG",1.3801448577001643,-2.1674778049426107,28.0,,,
pca_score,LIU19_GDYAG_GD30,10.1016/j.optmat.2018.11.031,"(Y,Gd)AG","(Y,Gd)AG",1.2990452704234847,-1.9805290178309471,28.0,,,
pca_score,LIU19_ACS_GAGG_T08,10.1021/acsami.9b02703,GAGG,GAGG,-1.8963202033338904,1.2715486150815214,42.0,,,
pca_score,LI16_LUAG_CE003,10.1111/jace.14461,LuAG,LuAG,2.540282744486229,1.4947204883952814,33.798989873223334,,,
pca_score,LI16_YAG_CE003,10.1111/jace.14461,YAG,YAG,1.3227487466830818,-2.5271900357015724,33.798989873223334,,,
pca_score,SUN20_GDLUGAG_LU35,10.1111/jace.16776,"(Gd,Lu)AG",Other garnets,0.7392421612144218,0.47883479159012154,42.0,,,
pca_score,LI24_CSS_CE02,10.1016/j.ceramint.2024.04.274,CSS,Other garnets,-12.636849080343678,-1.2896374907790469,25.430952132988168,,,
pca_score,LI24_CSS_CE04,10.1016/j.ceramint.2024.04.274,CSS,Other garnets,-13.39784011395644,-1.2442988872105214,25.430952132988168,,,
pca_score,LI24_CSS_CE06,10.1016/j.ceramint.2024.04.274,CSS,Other garnets,-14.157138088921478,-1.210300100078316,25.430952132988168,,,
pca_score,LI24_CSS_CE08,10.1016/j.ceramint.2024.04.274,CSS,Other garnets,-14.9156005892227,-1.1821522676612537,25.430952132988168,,,
pca_score,LI24_CSS_CE10,10.1016/j.ceramint.2024.04.274,CSS,Other garnets,-15.673549410208707,-1.157740687195477,25.430952132988168,,,
pca_score,LI24_CSS_CE12,10.1016/j.ceramint.2024.04.274,CSS,Other garnets,-16.431145613868257,-1.1359849856828748,25.430952132988168,,,
pca_score,LING24_LUGDAG_CE005_GD00,10.1016/j.jeurceramsoc.2024.04.014,LuGdAG,LuGdAG,2.6352054170769437,1.456847060332652,23.899494936611667,,,
pca_score,LING24_LUGDAG_CE005_GD03,10.1016/j.jeurceramsoc.2024.04.014,LuGdAG,LuGdAG,2.516556329993611,1.4674181258305872,23.899494936611667,,,
pca_score,LING24_LUGDAG_CE005_GD06,10.1016/j.jeurceramsoc.2024.04.014,LuGdAG,LuGdAG,2.3383813897654484,1.3400173669615585,23.899494936611667,,,
pca_score,LING24_LUGDAG_CE005_GD09,10.1016/j.jeurceramsoc.2024.04.014,LuGdAG,LuGdAG,2.1407490192879535,1.1736832425330683,23.899494936611667,,,
pca_score,LING24_LUGDAG_CE007_GD09,10.1016/j.jeurceramsoc.2024.04.014,LuGdAG,LuGdAG,2.090049458536588,1.1773644456702266,23.899494936611667,,,
pca_score,LING24_LUGDAG_CE009_GD09,10.1016/j.jeurceramsoc.2024.04.014,LuGdAG,LuGdAG,2.0393274886422037,1.1810627528461517,23.899494936611667,,,
pca_score,LING24_LUGDAG_CE011_GD09,10.1016/j.jeurceramsoc.2024.04.014,LuGdAG,LuGdAG,1.9885879101807404,1.1847706424912519,23.899494936611667,,,
pca_score,LING24_LUGDAG_CE013_GD09,10.1016/j.jeurceramsoc.2024.04.014,LuGdAG,LuGdAG,1.9378337525822078,1.1884834678570064,23.899494936611667,,,
pca_score,BARTA21_YAG,10.1016/j.jallcom.2021.161687,YAG,YAG,0.8120707203599347,-2.4085103233615075,30.165807537309522,,,
pca_score,BARTA21_YAGG_GA1,10.1016/j.jallcom.2021.161687,YAGG,YAGG,-0.16468378655107288,-0.22775448260357872,30.165807537309522,,,
pca_score,BARTA21_YAGG_GA2,10.1016/j.jallcom.2021.161687,YAGG,YAGG,-0.6635144099219904,1.5592335145615324,30.165807537309522,,,
pca_score,MENG20_GLMS_Z00,10.1016/j.jeurceramsoc.2020.03.019,GLMS,Other garnets,0.8502431106903505,0.5911500636789364,30.165807537309522,,,
pca_score,MENG20_GLMS_Z05,10.1016/j.jeurceramsoc.2020.03.019,GLMS,Other garnets,0.11358416578399626,0.9132199767991048,30.165807537309522,,,
pca_score,MENG20_GLMS_Z10,10.1016/j.jeurceramsoc.2020.03.019,GLMS,Other garnets,-0.3647180634504223,1.0425107928389112,30.165807537309522,,,
pca_score,MA21_YSC00_CE04,10.1364/OE.417464,YAG,YAG,1.2506764927818783,-2.5067398471478057,24.58300524425836,,,
pca_score,MA21_GYSC00_CE04,10.1364/OE.417464,Gd-Y-ScAG,Other garnets,0.5846065059336497,-1.1395414240727522,24.58300524425836,,,
pca_score,MA21_GSC40_CE04,10.1364/OE.417464,GSAG,Other garnets,-4.423696149060998,0.73633280916822,24.58300524425836,,,
pca_score,MA21_GSC40_CE06,10.1364/OE.417464,GSAG,Other garnets,-4.570469167092675,0.7618586968300893,24.58300524425836,,,
pca_score,MA21_GSC40_CE08,10.1364/OE.417464,GSAG,Other garnets,-4.717748754554171,0.784564117723854,24.58300524425836,,,
pca_score,MA21_GSC40_CE10,10.1364/OE.417464,GSAG,Other garnets,-4.86536082209422,0.8054741352715138,24.58300524425836,,,
pca_score,MA21_GSC40_CE12,10.1364/OE.417464,GSAG,Other garnets,-5.013214559915026,0.825112667897753,24.58300524425836,,,
pca_loading,,,,,-0.21022245395312686,0.016736312607397014,,x_Ce_atomic,,
pca_loading,,,,,-0.24435317659680056,-0.04753040359175421,,x_Ca_atomic,,
pca_loading,,,,,0.054602057322188396,-0.2907596672998416,,x_Y_atomic,,
pca_loading,,,,,0.091226976727489,0.2792590843566398,,x_Lu_atomic,,
pca_loading,,,,,-0.04268773971586729,0.07790358182994972,,x_Gd_atomic,,
pca_loading,,,,,0.23239543738411014,-0.17613747726364404,,x_Al_atomic,,
pca_loading,,,,,-0.023793481016923534,0.28409532878129545,,x_Ga_atomic,,
pca_loading,,,,,-0.227625601973636,0.036223444311139774,,x_Sc_atomic,,
pca_loading,,,,,-0.006095937079968704,-0.015588385193483656,,x_Mg_atomic,,
pca_loading,,,,,-0.244912537681375,-0.04870424189023374,,x_Si_atomic,,
pca_loading,,,,,-0.2102224540832523,0.016736312983477816,,A_Ce_fraction,,
pca_loading,,,,,-0.2443531765984534,-0.04753040359163637,,A_Ca_fraction,,
pca_loading,,,,,0.05460205732218842,-0.29075966729984154,,A_Y_fraction,,
pca_loading,,,,,0.09122697672625754,0.2792590843588974,,A_Lu_fraction,,
pca_loading,,,,,-0.042687739715867284,0.07790358182994965,,A_Gd_fraction,,
pca_loading,,,,,0.23487378644115597,-0.17623145111059985,,BC_Al_fraction,,
pca_loading,,,,,-0.02190371956404072,0.2861192126045497,,BC_Ga_fraction,,
pca_loading,,,,,-0.22762560197363604,0.036223444311139864,,BC_Sc_fraction,,
pca_loading,,,,,-0.00609593707996871,-0.01558838519348365,,BC_Mg_fraction,,
pca_loading,,,,,-0.24491253768065202,-0.048704241894405725,,BC_Si_fraction,,
pca_loading,,,,,-0.20865188449595767,-0.15349710997216853,,A_radius_mean_A,,
pca_loading,,,,,-0.22953416956195946,0.049817162862116716,,B_radius_mean_A,,
pca_loading,,,,,0.11357490428727941,0.12514226095208908,,C_radius_mean_A,,
pca_loading,,,,,-0.16961353584154523,0.21992236555753872,,BC_radius_mean_A,,
pca_loading,,,,,0.20777375441695364,0.15479783311209558,,Ce_A_radius_mismatch_A,,
pca_loading,,,,,0.06465771560397748,0.05532010456709793,,A_radius_std_A,,
pca_loading,,,,,-0.22445108174502204,0.1676314142653155,,BC_radius_std_A,,
pca_loading,,,,,0.24887839179642324,0.1425924035104697,,A_electronegativity_mean,,
pca_loading,,,,,0.02196066722322405,0.14693160905813424,,BC_electronegativity_mean,,
pca_loading,,,,,-0.03190433382418289,0.08710155375650176,,A_electronegativity_std,,
pca_loading,,,,,-0.243007829660241,0.15741576816331126,,BC_electronegativity_std,,
pca_loading,,,,,0.08274248983466809,0.37370277641844746,,mean_atomic_mass,,
pca_loading,,,,,-0.1158461580251605,-0.24305444873366816,,cation_oxygen_EN_gap,,
pca_loading,,,,,0.026810850392754652,-0.04359164355255463,,A_site_mixing_entropy,,
pca_loading,,,,,-0.028522409752205144,0.058116598682102304,,BC_site_mixing_entropy,,
pca_loading,,,,,-0.22836069698892159,-0.04161427842357764,,charge_mismatch_index,,
explained_variance,,,,,,,,,1.0,0.3616123220798043
explained_variance,,,,,,,,,2.0,0.15414352042679566
explained_variance,,,,,,,,,3.0,0.12850489842412996
explained_variance,,,,,,,,,4.0,0.10092340334172945
explained_variance,,,,,,,,,5.0,0.0798395235704854
